domain,party
standupforliberty.net,R
rightusa.org,R
victory.donaldtrump.com,R
rightwave.org,R
bestamericanow.com,R
ourdefenseofamerica.com,R
saveamericamajority.com,R
makingamericathegreatest.com,R
win.donaldjtrump.com,R
nhgop.org,R
mattgaetzforflorida.com,R
greatamericaupdate.com,R
e.prolifeupdate.com,R
conservativevictory2020.net,R
updates.conservativeintel.com,R
pelosi4never.com,R
stoppingsocialistdems.com,R
itsourgreatamerica.com,R
kamala4never.com,R
standingstrongamerica.com,R
rightsideamerica.com,R
marcorubio.com,R
campaigns.rnchq.com,R
voterickscott.com,R
hawleyformo.com,R
katforcongress.com,R
conservativesdefendingfreedom.com,R
lauraloomerforcongress.com,R
drmillermeeks.com,R
americansfordjt.com,R
indiana.gop,R
teapartypatriots.org,R
e.deroymurdock.com,R
republicanemails.org,R
chabotforcongress.com,R
nicolemalliotakis.com,R
wisgop.org,R
bencarson.com,R
tedcruz.org,R
deskofdonaldjtrump.com,R
ericgreitens.com,R
chuckmorsefornh.com,R
wesleyfortexas.com,R
holcombforindiana.com,R
alekskarlatosforcongress.com,R
ourbestamericanow.com,R
alert.republicantaskforce.com,R
action4liberty.com,R
lahoodforcongress.com,R
yeslivegaforvirginia.com,R
e.conservativefwd.com,R
aadlandforcolorado.com,R
reclamingamericanfreedom.com,R
nc.gop,R
joshmandel2022.com,R
katiebrittforsenate.com,R
doctoroz.com,R
jdforohio.org,R
newsletter.conservativedirect.com,R
robportman.com,R
nicoleforny.com,R
backingamerica.com,R
victory.kansansformarshall.com,R
email.rondesantis.com,R
philscott.org,R
janetimkenforohio.com,R
feenstraforcongress.com,R
email.donaldtrump.com,R
garbarinoforny.com,R
trump2016.com,R
joelombardofornv.com,R
markronchetti.com,R
m.jimrenacci.com,R
gregpenceforcongress.com,R
chrischristie.com,R
tedbudd.com,R
kleefischforwigov.com,R
nhsenaterepublicans.com,R
leahvukmir.com,R
susancollins.com,R
wesleyhuntfortexas.com,R
claudiaforcongress.com,R
houseconservatives.com,R
burchettforcongress.com,R
sheddforaz.com,R
buddfornc.com,R
barnetteforsenate.com,R
tomcotton.com,R
mwaltzforcongress.com,R
gibbonsforohio.com,R
loomered.com,R
email.jeb2016.com,R
hungforcongress.com,R
randpaul2016.com,R
crenshawforcongress.com,R
speakerryan.com,R
letsgo-brandon.net,R
jakeevans.org,R
colinschmitt.com,R
donaldtrump.com,R
greitens4missouri.com,R
billolsonfl.com,R
mikebraunsenate.com,R
kellyforsenate.com,R
greene2020.com,R
heidistjohnforcongress.com,R
msgop.co,R
magaactionalert.com,R
durantforsenate.com,R
action.supportstevedaines.com,R
rondesantis.com,R
randpaul.com,R
jacksonlahmeyer.com,R
mcguireforvirginia.com,R
donaldjtrump.com,R
gopteam.gop,R
amandamakkiforcongress.com,R
melissamartz.com,R
joekentforcongress.com,R
teamhagerty.com,R
lindseygraham.com,R
jimbanks.us,R
billcoleforwv.com,R
ciscomaniforaz.com,R
bartosforsenate.com,R
ricksantorum.com,R
dahmforsenate.com,R
mobrooks.com,R
geoffdiehl.com,R
schellerforcongress.com,R
schmidtforkansas.com,R
iesp.conservativesgive.com,R
iesp.conservativelibertywire.com,R
baxterforcongress.com,R
greitensformo-mail.com,R
billbryantforgovernor.com,R
email.nancymace.org,R
deanhellerforgov.com,R
briandahle.com,R
gaetz4usa.com,R
amandamakki.com,R
victoryacrossamerica.gop.com,R
millermeeks2020.com,R
kellyschulzforgovernor.com,R
fredkellerforcongress.com,R
jonesforgeorgia.com,R
tedbudd.gop,R
miketurnerforohio.com,R
haroldearls.org,R
az.kelliward.com,R
rnchq.com,R
hartzlerforsenate.org,R
mariaelvirasalazar.com,R
jamesonellis.com,R
defenddjt.com,R
stevechabot.com,R
keepingamericagreatalerts.com,R
kleefisch4wisconsin.com,R
grassleyworks.com,R
ultramagapatriots.org,R
tedbudd.co,R
mowersforcongress.com,R
mail.donaldjtrump.com,R
johncastorani.com,R
huntfortexas.com,R
electjimjordan.com,R
christiancollins.org,R
latinosfortrump.us,R
brycereeves.com,R
brianfitzpatrick.com,R
email.donaldjtrump.com,R
youngkinforgovernor.com,R
ultramagapatriot.org,R
mikebraunforindiana.com,R
joearpaioformayor.com,R
dolanforohio.com,R
smileyforwashington.com,R
michaelguest.ms,R
opt.scottwalker.org,R
marshablackburn.com,R
janicemcgeachin.com,R
carlasands.com,R
votejohngibbs.com,R
m.caitlynjenner.com,R
ruleoflawrepublicans.com,R
mikehuckabee.com,R
freedomtrainalert.com,R
dolanforsenate.com,R
dominicforct.us,R
seanspicer.com,R
trumptrainnews.com,R
email.a1warroom.com,R
e.goppresidential.com,R
finstadforcongress.com,R
wisconsinrepublicanparty.com,R
unleashamericapac.co,R
wisconsin-republicans.com,R
info.donaldjtrump.com,R
email.nikkihaley.com,R
brandonforcongressny22.com,R
act.marcorubio.com,R
action.supportsenatorcotton.com,R
action.tomkean.com,R
adamlaxalt.com,R
alekfororegon.com,R
alekskarlatos.com,R
allanfung.com,R
andyogles.com,R
contact.tomcotton.com,R
coachtuberville.com,R
ciscomaniforarizona.com,R
chuckedwardsnc.com,R
cheneyforwyoming.com,R
carlosgimenezforcongress.com,R
calvertforcongress.com,R
byrondonalds.com,R
dougmastriano.emailnb.com,R
donalds4congress.com,R
dancoxforgovernor.com,R
cwherbster.com,R
dannewhouse.com,R
davemccormickpa.com,R
davidperduega.com,R
davidschweikert.com,R
deanheller.com,R
drpaulgosar.com,R
drscottjensen.com,R
duceyforgovernor.com,R
electbergmann.com,R
eliforarizona.com,R
eliseforcongress.com,R
email-huntforcongress.com,R
email-kellycraft.com,R
email.blakemasters.com,R
email.give2laxalt.com,R
email.give2rubio.com,R
email.glenngrothman.com,R
email.helpherschel.com,R
email.jasonforvirginia.com,R
email.johngibbsemail.com,R
email.marshablackburn.com,R
email.miyares-for-virginia.com,R
email.saveamerica45.com,R
email.votedarinlahood.com,R
eml.scottwalker.org,R
friendsofrondesantis.com,R
georgesantos.org,R
georgesantosforcongress.org,R
glenngrothman.com,R
gophouseconservatives.com,R
gregformontana.com,R
gregorycoll.com,R
hagemanforwyoming.com,R
heidiganahl.com,R
illinois.gop,R
info.joshmandel2022.com,R
info.standforamericapac.com,R
iowagop.org,R
jakelaturner.com,R
jakelaturnerforcongress.com,R
jaromebellforcongress.com,R
jasonforvirginia.com,R
jennifer-ruthgreen.com,R
jerrycarlupdates.com,R
jiminhofe.com,R
johncornyn.com,R
join.lindseygraham.com,R
joshbrecheen.com,R
juanciscomani.com,R
kathybarnette.com,R
kellyforak.com,R
kellyloeffler.com,R
attaforcongress.com,R
mariaelvira4congress.com,R
mariaelvirasalazar4congress.com,R
mattgaetz.com,R
matthewfoldi.com,R
mattmowers.com,R
mattmowersfornh.com,R
mccloskeyformissouri.com,R
mccloskeyforsenate.com,R
chaseforva.com,R
banksforsenate.com,R
teammorrisey.com,R
steil4congress.com,R
email.claudiatenneyforcongress.com,R
despositoforcongress.com,R
tateforourstate.com,R
ne.gop,R
jenforcongress.com,R
neilforarkansas.com,R
info.houseconservativestrust.com,R
courtneygeelsforcongress.com,R
greatergeorgia.com,R
email.doug4gov.com,R
thehousegop.org,R
g4yamerica.com,R
mikeforwisconsin.com,R
outreach.mattjacobsforcongress.com,R
nationalrepublicanpolling.com,R
savecarolina.org,R
americanupdate.com,R
e.americandefensenews.com,R
iesp.freedomnationtoday.com,R
e.americanactionnews.com,R
freedomfirstalert.com,R
e.americanbriefing.com,R
iesp.defend-the-constitution.org,R
americasnewsletter.com,R
email.freethinkerdaily.com,R
victory.votegaryblack.com,R
wsrp.org,R
right-gop.com,R
gopwin.org,R
houseconservatives.org,R
fitzgerald4congress.com,R
outreach.tomkean.com,R
anamericaunited.org,R
electsalazar.com,R
email.jjforcongress.com,R
mail.rocaforcongress.com,R
salazarforflorida.com,R
robortt.com,R
nickforva.com,R
victory.donaldjtrump.com,R
vivek2024.com,R
updates.hageman4wyoming.com,R
votemichelsforgov.com,R
senateconservatives.com,R
support.donaldjtrump.com,R
salazar4florida.com,R
mariaforflorida.com,R
fallon4texas.com,R
hungcaoforva.com,R
hernforcongress.com,R
teamfeenstra.com,R
wesley4texas.com,R
walker4nc.com,R
ciscomaniforcongress-mail.com,R
greitensforsenate-mail.com,R
electroddorilas.com,R
email.trustinthemission.com,R
billposey.com,R
nancymace.org,R
nehlsforcongress.com,R
kenpaxtontx.com,R
mogop.net,R
bricewiggins.ms,R
rocaforcongress.com,R
greitensformissouri-email.com,R
missourigop.net,R
fallon4congress.com,R
mail.chrischristie.com,R
steilforwisconsin.com,R
act.mikeforwisconsin.com,R
russellfrysc.com,R
stopstacey.org,R
tellitlikeitispac.com,R
action.morriseyforwv.com,R
steilforcongress-email.com,R
donatetorondesantis.com,R
sg.votetimaalders.com,R
bo4nc.com,R
teamherschel.com,R
friendsofyeslivega.com,R
spartzforcongress.com,R
teamlaxalt.com,R
team.donaldtrump.com,R
thefloridagop.com,R
yeslivega.com,R
berniemorenoforohio.com,R
email.jdvance.com,R
team-cotton.com,R
trump.winwith45.com,R
cottonemails.com,R
gopactionalert.com,R
rightwaypress.com,R
thegopreport.com,R
alert.keepcongressrepublican.com,R
johndeatonforsenate.com,R
goppresidential.com,R
contact.jenforcongress.com,R
teamjimjordan.com,R
patharriganforcongress.com,R
email.donjr.com,R
rogersforsenate.com,R
email.nancyforalaska.com,R
wisconsin-gop.com,R
conservativesfordjt.com,R
carmengoers.org,R
davisforin.com,R
robertsonforcongress.com,R
brandonherreraforcongress.com,R
win.donjr.com,R
jjforcongress.com,R
tombarrettforcongress.com,R
mcguireva.ccsend.com,R
yvetteherrell.com,R
conforti4congress.com,R
email.scottfitzgeraldforcongress.com,R
katforcongress.ccsend.com,R
mcguireva.com,R
paulhudsonforcongress.ccsend.com,R
rajuforcongress.com,R
electgabeevans.com,R
teichertformaryland.com,R
nancyforalaska.com,R
castellifornc.com,R
donate.lawlerforcongress.com,R
nixonforga.com,R
paulhudsonforcongress.com,R
wesleyhunttx.com,R
baughforcongress.com,R
carolinekaneforcongress.com,R
dolanforohio.ccsend.com,R
paulgosaraz.com,R
drewfornevada.com,R
emordforva.com,R
join.electjimjordan.com,R
contact.electjimjordan.com,R
johnduarteforcongress.com,R
lawlerforcongress.com,R
lorichavezderemerforcongress.com,R
robforpa.com,R
crouchforindiana.com,R
ericearly.com,R
migop.org,R
email.chuckmorsefornh.com,R
email.georgeloganforcongress.com,R
mail.markwalkerfornc.com,R
join.djtfp24.com,R
mail.larryhogan.com,R
lorichavezderemer.com,R
action.gop.com,R
action.supportarpaioforsheriff.com,R
afphq.org,R
alert.redstateinsider.com,R
billeigel.com,R
brianjack.com,R
cassidyforlouisiana.com,R
christianforga7.com,R
christinedrazanfororegon.com,R
ct.gop,R
email.aarondimmock.org,R
email.djtfp24.com,R
email.in-gop.com,R
email.rothforwisconsin.com,R
email1.larryhogan.com,R
fryforsc.com,R
infooregongop.com,R
johnkasich.com,R
jrforohio.com,R
katcammack.com,R
m.djtfp24.com,R
mackenzieforcongress.com,R
markrobinsonfornc.com,R
mikesapraiconeforcongress.com,R
mikesapraiconeforsenate.com,R
monroegop.com,R
neilparrott.org,R
nellaforsenate.com,R
nellanewmexico.com,R
nrcc.org,R
reddyforkansas.com,R
republicanpartyinthevirginislands.com,R
robertsonforcongress.ccsend.com,R
roycewhiteformn.com,R
roycewhiteforsenate.us,R
shsforgov.com,R
teamnrsc.co,R
tiffanysmileyforcongress.com,R
timmoorenc.com,R
updates.nikkihaley.com,R
,R
dscc.org,D
hillaryclinton.com,D
emilyslist.org,D
democrats.org,D
betoorourke.com,D
jayinslee.com,D
elizabethwarren.com,D
e.markkelly.com,D
dccc.org,D
e.ronbegone.com,D
e.johnfetterman.com,D
mcauliffeoffice.org,D
stantonforarizona.com,D
vanhollen.org,D
joebiden.com,D
e.cheribeasley.com,D
drraulruiz.com,D
timkaine.com,D
e.giffords.org,D
stevesisolak.com,D
primarysinema.com,D
e.staceyabrams.com,D
dflhouse.com,D
tndp.org,D
wolfforpa.com,D
azdem.org,D
e.welchforvermont.com,D
unitedemocrats.org,D
berniesanders.com,D
leftaction.com,D
dwsforcongress.com,D
karenbass.com,D
whendemocratsturnout.com,D
jessicacisnerosforcongress.com,D
e.morganharper.org,D
marcusforgeorgia.com,D
indems.org,D
e.alex-padilla.com,D
mondaireforcongress.com,D
marcykaptur.com,D
dlcc.org,D
e.votevets.org,D
douggansler.com,D
martinheinrich.com,D
corybooker.com,D
dga.net,D
valdemings.com,D
ocasiocortez.com,D
michaelbennet.com,D
roycooper.com,D
edmarkey.com,D
e.adamschiff.com,D
ralphnortham.com,D
katiemcginty.com,D
mikethompsonforcongress.com,D
andrewgillum.com,D
donatetohealey.com,D
mckaylawilkes.com,D
e.alessandrabiaggi.com,D
tomsteyer.com,D
action.rosenfornevada.com,D
staceyabrams.com,D
algreen.org,D
tinaforminnesota.com,D
maggiehassan.com,D
benraylujan.com,D
kamalaharris.org,D
rushernbaker.com,D
kirstengillibrand.com,D
act.democrats.org,D
menendezfornj.com,D
markwarnerva.com,D
timforoh.com,D
marcolopez.com,D
kinacollins.com,D
darrigo2022.com,D
votedrbob.com,D
odessaforcongress.com,D
voteforlinda.com,D
kenrussellforfloridaemail.com,D
wvdemocrats.com,D
e.tonyevers.com,D
dnc.org,D
warnockforgeorgia.com,D
newmexicansformichelle.com,D
richardblumenthal.com,D
jeffmerkley.com,D
fladems.com,D
johncarney.org,D
lipinskiforcongress.com,D
sarahkleehoodny.com,D
nidaallam.com,D
marktakano.com,D
email.mikebloomberg.com,D
joesestak.com,D
susieleeforcongress.com,D
frankenforiowa.org,D
timryanforcongress.com,D
tonycardenas.com,D
ritahart.com,D
wesmoore.com,D
saragideon.com,D
billpascrell.com,D
walzforgovernor.org,D
tomperez.com,D
saludcarbajal.com,D
unitedruraldemocrats.org,D
pattymurray.com,D
e.timryanforamerica.com,D
abigailspanberger.com,D
ginaraimondo.com,D
stevebullock.com,D
leahyforvermont.com,D
e.gavinnewsom.com,D
bradpfaff.com,D
americanbridge.org,D
abbyfinkenauer.com,D
johndelaney.com,D
bobcasey.com,D
jbpritzkercampaign.com,D
franchot.com,D
e.tammybaldwin.com,D
jontester.com,D
e.protectvoting.org,D
replacesinema.com,D
sherrodbrown.com,D
e.mandelabarnes.com,D
lucasformo.com,D
chrissyhoulahanforcongress.com,D
katieporter.com,D
email.jahanahayes.com,D
democraticsecretaries.org,D
sethmagaziner.com,D
e.coribush.org,D
rashidaforcongress.com,D
josh4congress.com,D
brittanypettersen.com,D
adamforcolorado.com,D
adamschiff.com,D
andreasalinasfororegon.com,D
andybeshear.com,D
andykimforcongress.com,D
andylevinforcongress.com,D
annettetaddeo.com,D
charliecrist.com,D
catherinecortezmasto.com,D
carrickflynnfororegon.com,D
casarforcongress.com,D
brandonpresley.com,D
dickdurbin.com,D
debbiewassermanschultz.com,D
davidtrone.com,D
dankildee.com,D
dangoldmanforny.com,D
drkimschrier.com,D
durbinforsenate.com,D
e.charlesbooker.org,D
e.chrismurphy.com,D
e.collierfortexas.com,D
e.dangoldmanforag.com,D
e.dankildee.com,D
e.dwspac.com,D
e.elissaslotkin.org,D
e.gallegoforarizona.com,D
e.ilhanomar.com,D
e.ryanforamerica.com,D
e.timforoh.com,D
e.timforoh.org,D
e.wesmoore.com,D
e.wileynickelforcongress.com,D
e.wisdems.org,D
electhoulahan.com,D
elissaforcongress.com,D
email.ericswalwell.com,D
emiliasykesforcongress.com,D
filemonvelaforcongress.com,D
floridadems.org,D
frostforcongress.com,D
garamendi.org,D
garamendiforcongress.org,D
giffords.org,D
gretchenwhitmer.com,D
gwenmooreforcongress.com,D
halaforvirginia.com,D
haleystevensforcongress.com,D
harderforcongress.com,D
hello.hickenlooper.com,D
herringforag.com,D
hickenlooper.com,D
hillaryscholten.com,D
ilhanomar.com,D
jazzlewis.com,D
jenniferwexton.com,D
jessicacisneros.org,D
jimcosta.emailnb.com,D
jimmypanetta.com,D
johnfetterman.com,D
johnkingforgovernor.com,D
joshshapiro.org,D
kathymanningfornc.com,D
keithellison.org,D
landsmanforcongress.com,D
lashrecseaird.com,D
lisabluntrochester.com,D
mail.elizabethwarren.com,D
massdems.org,D
maxinewatersforcongress.com,D
jamesforny.com,D
ninaforphilly.com,D
tamiewilson.com,D
contact.joebiden.com,D
tammybaldwin.com,D
padems.com,D
ourrevolution.org,D
gahousedems.com,D
kennedydemocratspa.com,D
derekkilmer.com,D
brendaforvermont.com,D
newpaproject.org,D
jared.vote,D
e.miaforsc.com,D
dejaforpa.com,D
barriertoentry.org,D
traindemocrats.org,D
quarteyforcongress.com,D
sarahforwisconsin.com,D
her-time.com,D
wilmotcollins.com,D
collectivepac.org,D
ericforillinois.com,D
upsetsetup.org,D
emilyformichigan.com,D
emergeamerica.org,D
marlinga4congress.com,D
michellefortx15.com,D
ballardformontana.com,D
tomohalleran.com,D
coribush.org,D
gabeforcongress.com,D
trudybuschvalentine.com,D
jaredforflorida.com,D
tinafororegon.com,D
ehaszforcongress.com,D
valeriefoushee.com,D
votewillrollins.com,D
wileynickelforcongress.com,D
malcolmkenyatta.com,D
sethmoulton.com,D
e.angelaalsobrooks.com,D
tishjames.com,D
ricklarsen.org,D
unitethecountry.com,D
maggietoulouseoliver.com,D
caraveoforcongress.com,D
votecharlesgraham.com,D
wildforcongress.com,D
ninaturner.com,D
torres.nyc,D
email.margaretgood.com,D
polisforcolorado.com,D
castelliforcongress.com,D
email.bobcasey.com,D
vademocrats.org,D
ronkind.org,D
terrisewellforcongress.com,D
sarajacobsforca.com,D
lizziefletcher.com,D
ohiodems.org,D
rebekahjonescampaign.com,D
terrymcauliffe.com,D
cadem.org,D
wydenforsenate.com,D
bookerforkentucky.com,D
georgiademocrat.org,D
joshrileyforcongress.com,D
fightforreform.org,D
mail.blueampaction.com,D
padoraforcongress.com,D
e.elizabethwarren.com,D
edwardsforhouston.com,D
canningforcongress.com,D
mayberryforcongress.com,D
betsyrader4ohio.com,D
derekmarshallca.com,D
e.hillharper.com,D
tamieforcongress.com,D
cedarkeyprogress.com,D
davemin.com,D
tamiewilson.org,D
e.qasimforcongress.org,D
lauraforcongress.org,D
marquitabradshaw.com,D
jobyforcongress.com,D
nikkiforcongress.com,D
quacysmithforcongress.com,D
christianforohio.com,D
andykim.com,D
davidcanepa.com,D
davidkimforca.com,D
valhoyle.com,D
organizetexas.org,D
mail.lateefahsimon.com,D
suozziforcongress2024.com,D
canningfororegon.com,D
martydolanforcongress.com,D
contact.kamalaharris.com,D
e.nvdems.com,D
abledems.org,D
amyklobuchar.com,D
e.sarahmcbride.com,D
e.kamalaharris.com,D
ikemccorkle.com,D
mccorkleforcolorado.org,D
mullenformontana.com,D
news.whitlowforcongress.com,D
nextgenpac.org,D
nodemleftbehind.com,D
pughmichigan.com,D
tamiewilsonforohio.com,D
teamkennedy.com,I
cornelwest2024.com,I
jillstein2024.com,I
trisha4co.com,D
updates.marshablackburn.com,R
infooregongop.com,R
defeatboebertpac.com,D
okgop.com,R
email.davemccormickpa.com,R
support.byrondonalds.co,R
harriganfornc.com,R
lawlerforcongress.com,R
jillstein2024.com,G
julialetlow.com,R
jonathannezforaz.com,D
alerts.burlisonforcongressmo7.com,R
alaskansforharriswalz.com,D
kellyfornh.com,R
dlcc.org,D
teamkennedy.com,I
virginia.gop,R
e.debbieforflorida.com,D
beccabalint.com,D
e.pramilaforcongress.com,D
finstadforcongress.com,R
markrobinsonfornc.com,R
cassidyforlouisiana.com,R
lorichavezderemerforcongress.com,R
johndeatonma.com,R
lorichavezderemer.com,R
